{"cameraMode":{"drawMode":0,"name":"Shaded","section":"Shading Mode"},"sceneLighting":false,"audioPlay":false,"sceneViewState":{"m_AlwaysRefresh":false,"showFog":true,"showSkybox":true,"showFlares":true,"showImageEffects":true,"showParticleSystems":true,"showVisualEffectGraphs":true,"m_FxEnabled":false},"in2DMode":false,"pivot":{"x":12.968827247619629,"y":-23.94934844970703,"z":10.283923149108887},"rotation":{"x":0.44635337591171267,"y":-0.5523477792739868,"z":0.47170066833496096,"w":0.5226622819900513},"size":29.794071197509767,"orthographic":false}