{"cameraMode":{"drawMode":0,"name":"Shaded","section":"Shading Mode"},"sceneLighting":false,"audioPlay":false,"sceneViewState":{"m_AlwaysRefresh":false,"showFog":true,"showSkybox":true,"showFlares":true,"showImageEffects":true,"showParticleSystems":true,"showVisualEffectGraphs":true,"m_FxEnabled":false},"in2DMode":false,"pivot":{"x":8.067973136901856,"y":-4.702749252319336,"z":12.713676452636719},"rotation":{"x":0.37411871552467348,"y":-0.09987051784992218,"z":0.04056325927376747,"w":0.9210993051528931},"size":11.914695739746094,"orthographic":false}